Time Sent,Campaign Name,Sends,Opens,Open Rate,Mobile Open Rate,Desktop Open Rate,Clicks,Click Rate,Bounces,Bounce Rate,Unsubscribes,Unsubscribe Rate
2024/09/30 5:05 PM,09.30.24,7623,3683,50.5%,2.7%,97.3%,69,1.9%,336,4.4%,5,0.1%
2024/09/30 4:30 PM,"Reminder: This Friday, October 2024 Swine and Dine!!!",176,116,67.1%,4.7%,95.3%,7,6.0%,3,1.7%,0,0.0%
2024/09/25 5:00 PM,September 26 - October 2 Who's on Deck,114,69,62.7%,8.3%,91.7%,0,0.0%,4,3.5%,0,0.0%
2024/09/23 6:10 PM,09.23.24,7626,3469,47.6%,3.5%,96.5%,71,2.0%,338,4.4%,4,0.1%
2024/09/23 5:30 PM,October 2024 Swine and Dine!!!,175,123,71.5%,10.7%,89.3%,17,13.8%,3,1.7%,0,0.0%
2024/09/23 2:35 PM,June 2024 Swine and Dine!!!,172,139,82.2%,9.3%,90.7%,18,12.9%,3,1.7%,0,0.0%
2024/09/21 5:00 PM,Work Schedule for October 2024,45,39,86.7%,34.6%,65.4%,29,74.4%,0,0.0%,0,0.0%
2024/09/20 11:45 AM,09.20.24 Festival,7630,3144,43.1%,2.2%,97.8%,31,1.0%,336,4.4%,5,0.1%
2024/09/18 1:30 PM,2019 Barrels ready for pick up,8,6,75.0%,15.4%,84.6%,0,0.0%,0,0.0%,0,0.0%
2024/09/17 5:00 PM,September 19 - September 25 Who's on Deck,114,78,70.9%,3.7%,96.3%,0,0.0%,4,3.5%,0,0.0%
2024/09/16 5:40 PM,09.16.24 Festival,7639,3307,45.3%,2.8%,97.2%,40,1.2%,338,4.4%,7,0.1%
2024/09/11 5:01 PM,September 12 - September 18 Who's on Deck,113,81,74.3%,4.8%,95.2%,0,0.0%,4,3.5%,0,0.0%
2024/09/10 1:10 PM,09.09.24,7640,3586,49.3%,3.2%,96.8%,73,2.0%,362,4.7%,3,0.1%
2024/09/06 6:30 PM,Reminder:  September2024 Swine and Dine,170,106,63.5%,6.9%,93.1%,9,8.5%,3,1.8%,0,0.0%
2024/09/04 5:00 PM,September 5 - September 11 Who's on Deck,113,77,70.6%,4.3%,95.7%,0,0.0%,4,3.5%,0,0.0%
2024/09/02 7:41 PM,2024 September Wine Club Q3 pick up,1121,929,88.2%,14.3%,85.7%,279,30.0%,68,6.1%,2,0.2%
2024/09/02 4:45 PM,09.02.24,7647,3940,53.9%,2.9%,97.1%,90,2.3%,343,4.5%,15,0.2%
2024/08/28 5:17 PM,August 29 - September 4 Who's on Deck w/Final Friday,51,38,77.6%,8.4%,91.6%,0,0.0%,2,3.9%,0,0.0%
2024/08/28 5:00 PM,August 29 - September 4 Who's on Deck,116,72,64.9%,7.4%,92.6%,0,0.0%,5,4.3%,1,0.9%
2024/08/26 6:05 PM,September2024 Swine and Dine,172,111,66.1%,8.0%,92.0%,11,9.9%,4,2.3%,0,0.0%
2024/08/26 5:20 PM,08.26.24,7647,3292,45.0%,2.9%,97.1%,51,1.5%,337,4.4%,6,0.1%
2024/08/26 12:11 PM,Vineyard 20244,219,151,70.2%,10.4%,89.6%,21,13.9%,4,1.8%,0,0.0%
2024/08/21 5:02 PM,August 22 - August 28 Who's on Deck,116,71,63.4%,3.6%,96.4%,0,0.0%,4,3.4%,0,0.0%
2024/08/21 5:00 PM,Work Schedule for September 2024,46,39,84.8%,30.8%,69.2%,30,76.9%,0,0.0%,0,0.0%
2024/08/20 1:16 PM,Looking for exceptional staffers for September Calendar,46,42,91.3%,20.5%,79.5%,0,0.0%,0,0.0%,0,0.0%
2024/08/19 5:46 PM,08.19.24,7655,3299,45.0%,3.2%,96.8%,47,1.4%,326,4.3%,8,0.1%
2024/08/16 4:45 PM,The Chardonnay futures are ready..,20,17,85.0%,6.0%,94.0%,0,0.0%,0,0.0%,0,0.0%
2024/08/14 5:00 PM,August 15 - August 21 Who's on Deck,116,75,67.0%,7.7%,92.3%,1,1.3%,4,3.4%,0,0.0%
2024/08/12 5:02 PM,08.12.24,7655,3455,47.1%,3.5%,96.5%,111,3.2%,327,4.3%,8,0.1%
2024/08/09 5:30 PM,2024 Festival,7668,3170,43.2%,2.8%,97.2%,77,2.4%,323,4.2%,6,0.1%
2024/08/07 5:01 PM,August 8 - August 14 Who's on Deck,117,83,73.5%,6.9%,93.1%,0,0.0%,4,3.4%,1,0.9%
2024/08/05 6:01 PM,08.05.24,7675,3297,44.8%,3.9%,96.1%,78,2.4%,321,4.2%,7,0.1%
2024/07/31 5:00 PM,August 1 - August 7 Who's on Deck,117,69,61.1%,5.5%,94.5%,1,1.4%,4,3.4%,0,0.0%
2024/07/29 5:50 PM,07.29.24,7677,3151,42.8%,3.7%,96.3%,74,2.3%,317,4.1%,4,0.1%
2024/07/29 4:01 PM,Reminder: Swine and Dine August 2024,172,118,69.8%,6.6%,93.4%,11,9.3%,3,1.7%,0,0.0%
2024/07/24 5:00 PM,July 15 - July 31 Who's on Deck,117,68,60.2%,15.7%,84.3%,0,0.0%,4,3.4%,0,0.0%
2024/07/22 5:46 PM,07.22.24,7694,3857,52.2%,3.7%,96.3%,120,3.1%,312,4.1%,15,0.2%
2024/07/22 4:30 PM,Prepaid membership expired in June 2024,32,26,83.9%,5.4%,94.6%,4,15.4%,1,3.1%,0,0.0%
2024/07/21 12:00 PM,Work Schedule for August 2024,46,42,91.3%,35.1%,64.9%,33,78.6%,0,0.0%,0,0.0%
2024/07/20 5:25 PM,Swine and Dine August 2024,173,107,62.9%,4.3%,95.7%,8,7.5%,3,1.7%,0,0.0%
2024/07/20 12:00 PM,LOOKING FOR....,46,39,84.8%,17.5%,82.5%,0,0.0%,0,0.0%,0,0.0%
2024/07/17 5:01 PM,July 18 - July 24 Who's on Deck,117,74,65.5%,5.7%,94.3%,0,0.0%,4,3.4%,0,0.0%
2024/07/15 5:15 PM,07.15.24 Murder Mystery,7698,3279,44.4%,5.3%,94.7%,198,6.0%,320,4.2%,5,0.1%
2024/07/10 5:01 PM,July 11 - July 17 Who's on Deck,117,73,64.6%,5.3%,94.7%,0,0.0%,4,3.4%,0,0.0%
2024/07/08 5:25 PM,07.08.24,7703,3373,45.7%,3.4%,96.6%,59,1.7%,323,4.2%,5,0.1%
2024/07/05 5:15 PM,2024 Diner en Blanc,7713,3890,52.6%,4.0%,96.0%,110,2.8%,322,4.2%,13,0.2%
2024/07/03 5:00 PM,July 4 - July 10 Who's on Deck,117,78,69.0%,4.5%,95.5%,0,0.0%,4,3.4%,0,0.0%
2024/07/03 4:00 PM,"Reminder, this Friday, July 5, 2024 Swine and Dine",173,112,65.9%,9.5%,90.5%,13,11.6%,3,1.7%,0,0.0%
2024/07/01 5:30 PM,07.01.24,7719,3261,44.1%,2.5%,97.5%,22,0.7%,320,4.1%,5,0.1%
2024/06/27 4:31 PM,06.27.24,7721,3185,43.0%,2.1%,97.9%,6,0.2%,321,4.2%,8,0.1%
2024/06/26 5:00 PM,June 27 - July 4 Who's on Deck,117,76,67.3%,6.5%,93.5%,0,0.0%,4,3.4%,0,0.0%
2024/06/24 5:25 PM,06.24.24,7733,3347,45.1%,3.0%,97.0%,43,1.3%,317,4.1%,7,0.1%
2024/06/24 4:30 PM,"July 5, 2024 Swine and Dine",173,117,68.8%,7.2%,92.8%,8,6.8%,3,1.7%,0,0.0%
2024/06/23 1:00 PM,Revised Work Schedule for July 2024,46,39,84.8%,30.8%,69.2%,29,74.4%,0,0.0%,0,0.0%
2024/06/21 5:20 PM,06.21.24 Updates,7740,3309,44.6%,2.6%,97.4%,15,0.5%,320,4.1%,7,0.1%
2024/06/21 5:01 PM,Work Schedule for July 2024,46,37,80.4%,25.6%,74.4%,25,67.6%,0,0.0%,0,0.0%
2024/06/19 5:00 PM,June 20 - June 26 Who's on Deck,117,73,64.6%,6.5%,93.5%,0,0.0%,4,3.4%,0,0.0%
2024/06/17 5:35 PM,06.17.24,7750,3469,46.6%,2.9%,97.1%,71,2.0%,311,4.0%,10,0.1%
2024/06/17 12:30 PM,"Work requests due June 18, 2024",46,35,76.1%,10.3%,89.7%,0,0.0%,0,0.0%,0,0.0%
2024/06/12 5:00 PM,June 13 - June 19 Who's on Deck,117,74,65.5%,5.5%,94.5%,2,2.7%,4,3.4%,0,0.0%
2024/06/10 5:15 PM,06.10.24,7759,3397,45.6%,2.8%,97.2%,87,2.6%,312,4.0%,7,0.1%
2024/06/05 5:00 PM,June 6 - June 12 Who's on Deck,118,76,66.7%,4.3%,95.7%,0,0.0%,4,3.4%,1,0.9%
2024/06/05 4:45 PM,Reminder: June 2024 Swine and Dine!!!,173,114,67.1%,5.1%,94.9%,16,14.0%,3,1.7%,0,0.0%
2024/06/03 5:20 PM,06.03.24,7772,3722,49.9%,3.1%,96.9%,111,3.0%,309,4.0%,14,0.2%
2024/06/03 4:40 PM,2024 March Wine Club Q2 pick up,1136,915,85.4%,10.8%,89.2%,228,24.9%,65,5.7%,2,0.2%
2024/05/29 5:00 PM,May 30 - June 5 Who's on Deck,118,73,64.0%,3.0%,97.0%,0,0.0%,4,3.4%,0,0.0%
2024/05/27 4:55 PM,05.27.24,7775,4073,54.5%,3.0%,97.0%,100,2.5%,304,3.9%,14,0.2%
2024/05/22 5:01 PM,May 23 - May 30 Who's on Deck,118,71,62.3%,4.6%,95.4%,1,1.4%,4,3.4%,0,0.0%
2024/05/22 5:01 PM,Work Schedule for June 2024,46,41,89.1%,40.2%,59.8%,32,78.0%,0,0.0%,0,0.0%
2024/05/20 5:16 PM,05.20.24,7774,3519,47.1%,3.3%,96.7%,177,5.0%,304,3.9%,4,0.1%
2024/05/17 4:35 PM,05.17.24,7781,3357,44.9%,2.7%,97.3%,56,1.7%,308,4.0%,2,0.1%
2024/05/15 5:02 PM,May 16 - May 22 Who's on Deck,117,77,68.1%,4.2%,95.8%,0,0.0%,4,3.4%,0,0.0%
2024/05/13 5:35 PM,05.13.24,7797,4169,55.6%,3.5%,96.5%,128,3.1%,302,3.9%,13,0.2%
2024/05/08 5:00 PM,May 9 - May 15 Who's on Deck,116,77,68.8%,4.3%,95.7%,0,0.0%,4,3.4%,0,0.0%
2024/05/06 5:15 PM,05.06.24,7805,3953,52.7%,2.8%,97.2%,67,1.7%,302,3.9%,14,0.2%
2024/05/06 3:30 PM,Prepaid membership expired in March 2024,44,35,83.3%,5.2%,94.8%,8,22.9%,2,4.5%,0,0.0%
2024/05/01 5:00 PM,May 2 - May 8 Who's on Deck,115,68,61.3%,9.8%,90.2%,0,0.0%,4,3.5%,0,0.0%
2024/05/01 12:03 PM,22 Vintage futures are ready-from September 2023 festival sales,15,14,93.3%,2.3%,97.7%,0,0.0%,0,0.0%,0,0.0%
2024/04/29 5:25 PM,04.29.24,7820,3405,45.3%,3.6%,96.4%,102,3.0%,305,3.9%,12,0.2%
2024/04/29 2:45 PM,"Untitled Email Created 2024/04/29, 1:53:05 PM EDT",43,35,81.4%,2.3%,97.7%,0,0.0%,0,0.0%,0,0.0%
2024/04/28 4:30 PM,Reminder: May 2024 Swine and Dine!!!,172,124,73.8%,4.9%,95.1%,8,6.5%,4,2.3%,0,0.0%
2024/04/27 1:30 PM,The 2022 RESERVE and 2023 Rose Futures are ready!,83,70,92.1%,3.8%,96.2%,0,0.0%,7,8.4%,0,0.0%
2024/04/24 5:31 PM,04 final Fri update,7568,3630,49.8%,2.3%,97.7%,46,1.3%,278,3.7%,13,0.2%
2024/04/24 5:00 PM,April 25 - May 1 Who's on Deck,115,69,62.2%,3.4%,96.6%,0,0.0%,4,3.5%,0,0.0%
2024/04/22 5:25 PM,04.22.24,7574,3527,48.3%,3.4%,96.6%,85,2.4%,277,3.7%,7,0.1%
2024/04/21 12:00 PM,Work Schedule for May 2024,43,37,86.0%,35.1%,64.9%,30,81.1%,0,0.0%,0,0.0%
2024/04/19 4:30 PM,May 2024 Swine and Dine!!!,171,124,74.3%,6.1%,93.9%,12,9.7%,4,2.3%,0,0.0%
2024/04/17 5:01 PM,April 18 - April 24 Who's on Deck,115,72,64.9%,7.5%,92.5%,0,0.0%,4,3.5%,0,0.0%
2024/04/15 5:45 PM,04.15.24,7581,3319,45.4%,3.5%,96.5%,77,2.3%,272,3.6%,9,0.1%
2024/04/10 5:01 PM,April 11 - April 17 Who's on Deck,115,73,65.8%,8.0%,92.0%,8,11.0%,4,3.5%,0,0.0%
2024/04/08 5:25 PM,04.04.24,7576,3478,47.6%,3.5%,96.5%,108,3.1%,272,3.6%,8,0.1%
2024/04/03 5:00 PM,April 4 - April 10 Who's on Deck,115,79,71.8%,14.1%,85.9%,21,26.6%,5,4.3%,0,0.0%
2024/04/01 5:03 PM,04.01.24,7578,3804,52.0%,3.2%,96.8%,105,2.8%,268,3.5%,9,0.1%
2024/04/01 4:30 PM,Reminder: April 2024 Swine and Dine is back!!!,169,118,72.0%,5.7%,94.3%,9,7.6%,5,3.0%,0,0.0%
2024/03/27 5:01 PM,March 28 - April 3 Who's on Deck,115,80,72.1%,8.3%,91.7%,0,0.0%,4,3.5%,0,0.0%
2024/03/25 5:25 PM,03.25.24,7583,3455,47.2%,3.5%,96.5%,100,2.9%,264,3.5%,9,0.1%
2024/03/21 5:00 PM,Work Schedule for April 2024,43,38,90.5%,28.2%,71.8%,30,78.9%,1,2.3%,0,0.0%
2024/03/20 5:01 PM,March 21 - March 27 Who's on Deck,115,75,67.6%,7.2%,92.8%,0,0.0%,4,3.5%,0,0.0%
2024/03/20 4:45 PM,April 2024 Swine and Dine is back!!!,169,116,70.3%,5.6%,94.4%,13,11.2%,4,2.4%,0,0.0%
2024/03/18 5:25 PM,03.18.24,7590,3530,48.2%,3.5%,96.5%,102,2.9%,266,3.5%,7,0.1%
2024/03/17 1:00 PM,work requests due,43,34,81.0%,2.9%,97.1%,0,0.0%,1,2.3%,0,0.0%
2024/03/13 5:01 PM,March 14 - March 20 Who's on Deck,115,78,70.3%,4.2%,95.8%,0,0.0%,4,3.5%,0,0.0%
2024/03/11 5:45 PM,03.11.24,7599,3652,49.8%,4.5%,95.5%,139,3.8%,263,3.5%,5,0.1%
2024/03/08 4:03 PM,New Staff RSVP Training Information,17,16,100.0%,4.8%,95.2%,8,50.0%,1,5.9%,0,0.0%
2024/03/08 2:45 PM,2024 March Wine Club Q1 pick up,1146,873,80.3%,12.9%,87.1%,223,25.5%,59,5.1%,1,0.1%
2024/03/06 5:28 PM,March 7 - March 13 Who's on Deck #2,48,37,78.7%,8.3%,91.7%,0,0.0%,1,2.1%,0,0.0%
2024/03/04 5:50 PM,03.04.24,7606,3600,49.1%,3.8%,96.2%,138,3.8%,271,3.6%,10,0.1%
2024/03/04 5:00 PM,Orderport Beware of Discounts,43,35,81.4%,5.6%,94.4%,0,0.0%,0,0.0%,0,0.0%
2024/02/29 11:14 AM,02.26.24,7615,4189,57.0%,3.8%,96.2%,145,3.5%,265,3.5%,11,0.1%
2024/02/28 5:01 PM,February 29- March 6 Who's on Deck,115,76,68.5%,6.5%,93.5%,0,0.0%,4,3.5%,0,0.0%
2024/02/22 11:31 AM,Work Schedule for March 2024 updated,46,41,89.1%,32.7%,67.3%,29,70.7%,0,0.0%,0,0.0%
2024/02/21 5:01 PM,February 22- February 29 Who's on Deck,115,71,64.0%,7.4%,92.6%,3,4.2%,4,3.5%,0,0.0%
2024/02/21 2:03 PM,Work Schedule for March 2024,46,35,76.1%,31.5%,68.5%,28,80.0%,0,0.0%,0,0.0%
2024/02/19 5:05 PM,02.19.24,7641,4111,55.7%,2.9%,97.1%,70,1.7%,262,3.4%,25,0.3%
2024/02/16 5:20 PM,2024 B/O Barrel Tasting Invite,168,131,79.9%,17.6%,82.4%,56,42.7%,4,2.4%,0,0.0%
2024/02/14 5:00 PM,February 15- February 21 Who's on Deck,115,72,64.9%,6.3%,93.7%,0,0.0%,4,3.5%,0,0.0%
2024/02/13 3:30 PM,March 2024 Preview of Work Schedule,46,35,76.1%,5.8%,94.2%,0,0.0%,0,0.0%,0,0.0%
2024/02/12 4:50 PM,02.12.24,7298,4102,58.0%,3.0%,97.0%,72,1.8%,226,3.1%,13,0.2%
2024/02/10 6:39 PM,February 8- February 14 Who's on Deck,115,73,66.4%,3.8%,96.2%,1,1.4%,5,4.3%,0,0.0%
2024/02/07 3:15 PM,Prepaid membership expired in December 2023,53,43,84.3%,7.9%,92.1%,14,32.6%,2,3.8%,0,0.0%
2024/02/05 5:32 PM,02.05.24,7307,3498,49.4%,2.4%,97.6%,38,1.1%,223,3.1%,8,0.1%
2024/01/31 5:01 PM,February 1- February 7 Who's on Deck,114,74,67.3%,5.7%,94.3%,5,6.8%,4,3.5%,0,0.0%
2024/01/29 5:05 PM,01.29.24,7325,3564,50.2%,2.6%,97.4%,31,0.9%,224,3.1%,14,0.2%
2024/01/24 5:00 PM,January 125- January 31 Who's on Deck,114,77,69.4%,4.3%,95.7%,0,0.0%,3,2.6%,0,0.0%
2024/01/22 5:20 PM,01.22.24,7329,3477,48.9%,2.9%,97.1%,59,1.7%,225,3.1%,4,0.1%
2024/01/21 12:00 PM,Work Schedule for February 2024,45,40,88.9%,25.9%,74.1%,35,87.5%,0,0.0%,0,0.0%
2024/01/19 11:42 AM,01.18.24,7331,3388,47.7%,2.9%,97.1%,70,2.1%,227,3.1%,5,0.1%
2024/01/17 5:01 PM,January 18 - January 24 Who's on Deck,114,76,68.5%,5.0%,95.0%,0,0.0%,3,2.6%,0,0.0%
2024/01/15 4:20 PM,01.15.24,7341,3411,47.9%,3.0%,97.0%,47,1.4%,218,3.0%,10,0.1%
2024/01/10 5:00 PM,January 11 - January 17 Who's on Deck,114,75,67.6%,6.7%,93.3%,1,1.3%,3,2.6%,0,0.0%
2024/01/08 5:15 PM,01.08.24,7358,3428,48.0%,2.3%,97.7%,39,1.1%,214,2.9%,15,0.2%
2024/01/04 5:20 PM,01.04.24,7363,3433,48.0%,3.1%,96.9%,76,2.2%,211,2.9%,5,0.1%
2024/01/03 5:00 PM,January 4 - January 10 Who's on Deck,115,75,67.0%,3.3%,96.7%,0,0.0%,3,2.6%,0,0.0%
